revenue,imdb_rating,wiki_sv,wiki_en,budget,sf_rating,mpaa_rating
5992286.0,7.4,991.0,287758.0,0.0,0,PG-13
2099748.0,7.3,429.0,0,160000000.0,3.54,PG
1732438.0,7.7,146.0,110428.0,200000000.0,3.19,PG-13
1365779.0,7.5,268.0,85493.0,175000000.0,3.11,PG-13
1283868.0,7.9,253.0,133789.0,180000000.0,3.13,PG-13
1601982.0,6.3,309.0,32483.0,80000000.0,0,PG
1205843.0,8.1,8.0,2871.0,97000000.0,3.62,R
2017790.0,6.7,1247.0,248525.0,250000000.0,2.33,PG-13
1345430.0,8.5,21.0,499.0,0.0,3.82,PG
354577.0,7.7,4.0,534.0,4500000.0,4.14,R
530026.0,6.3,1.0,24644.0,0.0,2.79,PG
1282219.0,6.6,671.0,90915.0,230000000.0,2.39,PG-13
1253655.0,6.8,164.0,6122.0,0.0,2.86,G
277600.0,7.3,104.0,2815.0,9000000.0,2.74,PG-13
594874.0,5.2,139.0,217560.0,217000000.0,1.88,PG-13
77126.0,8.0,0,286.0,0.0,3.03,PG
160036.0,6.3,0,2411.0,19000000.0,2.67,R
1622542.0,4.6,0,47949.0,55000000.0,1.71,R
553951.0,7.8,0,84871.0,84000000.0,2.92,PG
390098.0,7.7,0,26182.0,34000000.0,4.1,R
154515.0,6.0,0,12242.0,69000000.0,1.64,PG-13
780238.0,6.6,325.0,12.0,55000000.0,2.47,PG-13
247168.0,6.0,0,21456.0,45000000.0,1.78,PG-13
132975.0,7.5,50.0,396.0,0.0,2.6,R
1011653.0,8.1,677.0,108136.0,150000000.0,3.64,R
506841.0,3.1,0,27383.0,50000000.0,1.17,PG
46275.0,6.0,0,0,100000000.0,2.1,PG-13
455080.0,5.5,187.0,41.0,125000000.0,1.57,PG-13
837300.0,6.5,7.0,102572.0,97000000.0,2.74,R
354371.0,5.6,121.0,11095.0,69000000.0,1.59,R
169670.0,6.5,0,55798.0,4800000.0,0,PG-13
370543.0,7.2,0,210.0,50000000.0,2.85,R
261819.0,5.7,7.0,467.0,60000000.0,1.88,PG-13
338443.0,6.0,0,158.0,150000000.0,2.21,PG-13
513170.0,5.9,41.0,7838.0,60000000.0,2.17,PG
467523.0,5.2,0,0,85000000.0,3.18,PG-13
44856.0,7.6,0,8409.0,0.0,3.44,R
433096.0,6.5,247.0,33965.0,177200000.0,2.0,PG-13
192427.0,7.4,274.0,151.0,0.0,3.29,PG-13
369235.0,6.4,224.0,0,110000000.0,2.63,PG-13
89313.0,7.6,0,98.0,0.0,4.15,R
227499.0,5.8,66.0,1498.0,10000000.0,0,R
150796.0,6.2,0,27431.0,33000000.0,3.31,R
278789.0,8.2,350.0,41593.0,0.0,4.1,R
266980.0,7.5,493.0,394.0,0.0,3.62,R
45118.0,5.8,0,21451.0,35000000.0,1.57,R
290559.0,6.6,0,0,58000000.0,3.65,R
142936.0,4.5,1.0,618.0,25000000.0,1.56,PG-13
40810.0,7.1,0,16037.0,29000000.0,2.96,PG-13
126457.0,5.6,0,41795.0,40000000.0,1.92,R
166777.0,5.7,399.0,186.0,68000000.0,2.96,R
102586.0,6.8,0,914.0,0.0,2.77,PG-13
65036.0,5.2,77.0,22621.0,20000000.0,2.35,R
385430.0,6.2,0,103.0,0.0,0,PG
9820.0,5.6,0,84.0,0.0,1.75,R
64650.0,6.7,0,1.0,30000000.0,1.97,R
24339.0,7.1,0,3000.0,0.0,2.52,PG-13
6710.0,7.2,8.0,6204.0,0.0,3.04,PG-13
129724.0,6.4,0,51738.0,40000000.0,2.83,R
369063.0,5.1,1.0,865.0,35000000.0,2.53,R
72411.0,7.7,654.0,15423.0,0.0,4.28,R
1458.0,5.9,0,802.0,250000.0,0,R
63809.0,6.8,113.0,2973.0,0.0,2.65,PG-13
11122.0,6.2,0,352.0,1000000.0,2.95,PG
99592.0,7.3,0,203.0,18000000.0,3.2,R
3832.0,6.3,0,24.0,0.0,2.81,PG
3205.0,6.9,0,128.0,0.0,3.36,PG-13
3535653.0,7.8,1550.0,3005.0,200000000.0,3.45,PG-13
1625198.0,7.3,917.0,10994.0,0.0,3.25,PG
1226378.0,6.5,0,19409.0,75000000.0,2.89,PG
1924377.0,7.5,295.0,0,175000000.0,3.68,PG
1573886.0,8.0,281.0,208193.0,58000000.0,3.17,R
1330108.0,8.0,1.0,22336.0,0.0,3.64,PG
540247.0,7.1,3.0,2632.0,75000000.0,2.67,PG
1289041.0,7.6,6.0,668.0,0.0,3.53,PG
856746.0,7.5,318.0,65081.0,165000000.0,2.91,PG-13
1075059.0,6.6,355.0,28414.0,120000000.0,2.69,PG-13
395161.0,7.1,156.0,110102.0,185000000.0,3.0,PG-13
428997.0,6.5,7.0,237.0,125000000.0,2.68,PG
588666.0,8.1,7.0,1170.0,30000000.0,4.28,PG-13
734400.0,7.1,99.0,16219.0,145000000.0,2.88,PG
279524.0,5.3,237.0,0,144000000.0,2.69,PG-13
429056.0,6.3,0,20109.0,50000000.0,2.48,PG-13
1059161.0,5.2,249.0,110933.0,165000000.0,1.84,PG-13
350683.0,7.9,9.0,844.0,47000000.0,3.37,PG-13
76788.0,6.2,0,78774.0,19000000.0,2.73,R
223064.0,5.9,0,10222.0,40000000.0,1.24,PG-13
224552.0,7.1,0,754.0,9900000.0,3.41,R
640319.0,6.7,232.0,47531.0,110000000.0,3.53,PG-13
89482.0,6.0,0,36387.0,10000000.0,2.3,R
223927.0,6.7,70.0,0,65000000.0,3.25,PG
201107.0,6.5,98.0,0,45000000.0,2.58,R
437000.0,6.3,8.0,192.0,4900000.0,2.65,PG-13
282716.0,5.7,48.0,14986.0,0.0,2.09,PG-13
278423.0,6.5,1.0,46495.0,0.0,2.48,PG-13
774981.0,5.7,0,14933.0,105000000.0,2.24,PG
158672.0,7.2,435.0,62869.0,110000000.0,2.72,PG-13
362143.0,6.2,0,0,38000000.0,2.54,R
390788.0,6.1,0,29701.0,60000000.0,2.33,PG-13
113675.0,6.4,4.0,7889.0,140000000.0,2.2,PG
65102.0,6.3,23.0,299.0,17000000.0,3.04,PG-13
67076.0,5.8,0,16221.0,45000000.0,2.09,R
824546.0,5.8,295.0,27463.0,125000000.0,1.76,PG-13
38112.0,7.3,0,9618.0,50000000.0,1.73,R
367219.0,6.1,0,22349.0,115000000.0,1.98,PG-13
109458.0,7.8,78.0,7640.0,60000000.0,3.5,PG
1284953.0,6.9,76.0,12265.0,160000000.0,2.29,PG-13
390813.0,6.1,13.0,388.0,38000000.0,2.0,R
163288.0,6.0,0,6678.0,33000000.0,1.58,R
225145.0,7.1,0,1143.0,85000000.0,2.54,R
70260.0,6.6,0,976.0,19000000.0,2.77,PG-13
95656.0,6.1,0,26720.0,9000000.0,2.5,PG-13
251538.0,5.2,287.0,1074.0,38000000.0,1.89,PG-13
834795.0,6.2,68.0,1217.0,75000000.0,2.39,PG-13
121633.0,6.3,0,15075.0,22000000.0,3.27,PG-13
99444.0,4.7,84.0,4480.0,0.0,2.0,PG-13
68196.0,4.8,0,888.0,10000000.0,1.88,PG-13
835388.0,6.6,0,34787.0,35000000.0,2.96,R
89230.0,5.0,0,5370.0,5000000.0,2.23,R
4298.0,7.1,0,0,0.0,3.06,PG-13
58651.0,6.3,0,5344.0,0.0,2.67,R
111631.0,7.2,20.0,330.0,20000000.0,3.12,PG-13
73198.0,7.5,0,89.0,0.0,3.87,R
1828.0,7.4,0,1820.0,15000000.0,3.17,PG
102134.0,6.2,0,572.0,0.0,2.52,R
169396.0,5.4,0,1328.0,0.0,2.57,R
7825.0,7.2,108.0,141.0,0.0,2.94,PG-13
15907.0,7.6,0,1130.0,0.0,2.88,R
2924071.0,7.7,84.0,0,0.0,3.38,PG-13
40931.0,7.2,37.0,191.0,0.0,4.11,R
544.0,5.5,1.0,401.0,0.0,0,R
870.0,6.4,0,1223.0,0.0,2.93,R
560.0,6.5,0,521.0,0.0,2.5,PG-13
12242.0,7.0,0,59.0,0.0,4.01,R
21863.0,7.2,80.0,731.0,0.0,3.58,R
13425.0,6.6,0,1.0,0.0,3.63,R
3945455.0,8.0,2680.0,481641.0,245000000.0,3.79,PG-13
1573914.0,7.0,0,0,150000000.0,2.89,PG-13
1617783.0,7.4,0,0,250000000.0,3.44,PG-13
1092979.0,8.2,2.0,275.0,175000000.0,0,PG
1382926.0,7.2,0,0,190000000.0,1.98,PG-13
548481.0,6.4,0,938.0,74000000.0,2.83,PG
480089.0,6.9,0,0,95000000.0,1.97,PG
2815877.0,6.8,25.0,4584.0,245000000.0,3.4,PG-13
889100.0,7.4,371.0,497.0,150000000.0,3.43,PG-13
228020.0,6.4,0,0,29000000.0,2.79,PG-13
911530.0,8.0,1183.0,1302.0,135000000.0,3.76,R
547623.0,7.3,261.0,27753.0,130000000.0,3.39,PG-13
534341.0,6.7,0,0,135000000.0,2.65,PG
544666.0,6.7,75.0,7748.0,80000000.0,2.46,PG
2696028.0,4.1,0,0,40000000.0,2.03,R
242947.0,6.0,0,0,74000000.0,2.56,PG
267029.0,7.9,66.0,12902.0,28000000.0,3.11,R
408882.0,6.1,0,0,110000000.0,2.19,PG-13
599811.0,8.1,0,0,150000000.0,0,R
580867.0,6.2,0,0,110000000.0,2.69,PG-13
384910.0,7.1,23.0,6860.0,99000000.0,2.73,G
501633.0,7.7,0,0,81000000.0,2.93,R
333327.0,7.0,0,0,65000000.0,3.03,R
57133.0,6.2,5.0,188.0,35000000.0,0,R
88580.0,7.6,6.0,999.0,35000000.0,3.61,PG-13
181447.0,6.5,0,0,190000000.0,2.85,PG
354708.0,6.5,0,0,155000000.0,0,PG-13
751955.0,6.0,0,0,48000000.0,1.77,PG-13
841197.0,5.1,72.0,3601.0,0.0,1.83,PG
630450.0,6.3,74.0,31526.0,61000000.0,2.33,PG-13
322627.0,6.3,160.0,22610.0,68000000.0,2.72,R
153417.0,5.6,61.0,660.0,88000000.0,0,PG-13
509781.0,7.2,0,0,55000000.0,3.93,PG
194870.0,7.6,334.0,304.0,40000000.0,3.33,PG-13
51497.0,4.4,0,0,30000000.0,1.28,PG
187336.0,7.8,234.0,15337.0,28000000.0,3.75,R
231372.0,5.6,113.0,37873.0,14800000.0,2.4,R
116936.0,6.7,0,0,23000000.0,1.86,R
240896.0,6.9,0,1677.0,53000000.0,3.36,R
145540.0,6.1,226.0,460.0,31000000.0,0,R
211384.0,6.6,8.0,2112.0,60000000.0,2.63,PG-13
228588.0,4.3,45.0,42563.0,120000000.0,2.35,PG-13
638973.0,7.8,409.0,61150.0,44000000.0,3.32,R
309065.0,6.6,0,0,50100000.0,2.26,R
80731.0,7.4,3.0,773.0,30000000.0,2.71,R
123861.0,6.1,0,0,10000000.0,1.85,PG-13
63677.0,4.9,0,0,35000000.0,2.36,PG-13
254331.0,5.3,0,0,176000000.0,1.26,PG-13
141363.0,7.6,157.0,1185.0,30000000.0,3.38,R
138833.0,7.3,0,429.0,75000000.0,0,PG-13
44590.0,8.1,3.0,476.0,0.0,4.09,R
357685.0,7.1,0,2.0,55000000.0,2.9,PG-13
74703.0,6.4,2.0,340.0,25000000.0,2.0,R
11975.0,7.2,0,0,0.0,2.24,PG-13
51748.0,7.5,58.0,4773.0,0.0,3.36,PG-13
27152.0,5.1,0,0,35000000.0,1.57,PG-13
48913.0,6.5,0,0,8500000.0,3.03,PG-13
63031.0,7.3,0,5991.0,11000000.0,3.12,PG-13
138021.0,6.6,0,0,10000000.0,2.46,PG
217398.0,8.5,0,0,30000000.0,0,R
175150.0,6.8,0,0,49000000.0,3.09,R
236615.0,6.5,0,91463.0,55000000.0,3.01,R
143554.0,5.3,0,0,105000000.0,0,PG-13
78394.0,5.3,106.0,34938.0,10000000.0,0,R
60240.0,6.8,0,452.0,0.0,1.57,R
45133.0,5.9,0,4171.0,18000000.0,2.83,PG-13
204528.0,6.6,0,0,50000000.0,2.56,R
177642.0,5.7,55.0,25616.0,35000000.0,1.93,R
36940.0,8.2,23.0,0,19500000.0,2.44,PG-13
261520.0,7.4,0,0,0.0,3.97,PG
62349.0,7.5,0,0,5000000.0,3.58,PG-13
50045.0,7.2,611.0,32218.0,30000000.0,3.51,R
78043.0,5.5,0,0,95000000.0,1.75,PG-13
31033.0,5.2,0,1789.0,0.0,1.67,PG-13
43872.0,8.2,371.0,461.0,0.0,4.01,R
121277.0,7.2,1.0,660.0,0.0,4.26,R
6869.0,7.4,0,73.0,0.0,3.35,PG-13
12841.0,7.1,0,7201.0,0.0,3.43,PG-13
166258.0,7.1,1190.0,1161.0,0.0,3.19,R
92942.0,7.3,4.0,1041.0,35000000.0,3.67,PG
46121.0,7.8,4.0,243.0,0.0,4.45,R
53701.0,5.4,0,0,70000000.0,2.03,R
62682.0,6.3,0,0,0.0,3.78,R
11149.0,6.7,70.0,856.0,600000.0,3.63,R
4652.0,6.3,0,0,0.0,1.6,R
147770.0,6.9,0,3242.0,0.0,3.71,PG-13
56630.0,7.1,0,0,22500000.0,2.49,R
6586.0,5.9,0,0,0.0,0,PG-13
56563.0,7.0,80.0,1074.0,0.0,2.5,R
21252.0,7.3,0,0,0.0,3.21,PG-13
11833.0,6.9,0,1125.0,0.0,3.92,R
25482.0,7.2,0,0,0.0,3.74,R
106954.0,6.5,0,0,0.0,2.29,R
7226.0,6.4,0,0,0.0,2.79,R
2928284.0,7.1,0,0,0.0,3.24,R
11391.0,7.3,0,156.0,0.0,3.03,R
10013.0,6.3,0,29.0,0.0,3.31,N/A
5853.0,6.7,0,241.0,0.0,3.04,PG-13
9743.0,5.2,8.0,196.0,10000000.0,4.51,R
13529.0,0,0,0,0.0,3.05,PG-13
184075.0,7.0,0,0,0.0,3.9,PG-13
11795.0,6.2,98.0,192.0,0.0,0,R
8562.0,7.1,0,54.0,0.0,0,N/A
22219.0,6.7,0,0,0.0,2.86,R
15801.0,8.3,94.0,11.0,0.0,3.92,N/A
16229.0,6.1,0,0,0.0,2.45,R
46220.0,6.7,0,0,0.0,2.98,R
37218.0,5.4,0,0,0.0,2.58,PG-13
45119.0,7.2,0,0,0.0,2.45,R
11401.0,7.4,0,0,0.0,2.83,N/A
592376.0,7.3,0,0,58800000.0,2.39,R
2479542.0,6.7,0,0,125000000.0,3.41,PG-13
1203350.0,8.1,0,0,170000000.0,2.86,PG-13
662301.0,7.8,0,0,170000000.0,0,PG-13
683843.0,7.8,0,0,60000000.0,3.15,PG
3590848.0,7.4,0,0,0.0,2.89,PG-13
665419.0,5.7,0,0,210000000.0,0,PG-13
570384.0,7.0,0,0,180000000.0,2.72,PG
933813.0,8.0,0,0,200000000.0,0,PG-13
1008111.0,7.8,0,0,165000000.0,3.69,PG
981934.0,7.6,0,0,170000000.0,3.45,PG-13
1035953.0,6.7,0,0,0.0,2.74,PG-13
845286.0,6.4,0,0,160000000.0,2.23,PG-13
504222.0,7.0,0,0,50000000.0,2.58,R
578121.0,5.8,0,0,125000000.0,1.9,PG-13
1366682.0,8.6,0,0,165000000.0,3.6,PG-13
1140226.0,7.8,0,0,145000000.0,2.94,PG
578479.0,8.1,0,0,61000000.0,3.6,R
457362.0,6.7,0,0,85000000.0,2.69,PG-13
339414.0,6.3,0,0,18000000.0,0,R
725902.0,6.3,0,0,103000000.0,2.65,G
98362.0,6.0,0,0,50000000.0,2.61,PG
409811.0,6.4,0,0,40000000.0,2.49,R
297673.0,7.8,0,0,12000000.0,3.35,PG-13
360496.0,7.2,0,0,65000000.0,2.64,PG-13
346695.0,6.2,0,0,127000000.0,2.89,PG
382985.0,6.8,0,0,145000000.0,3.23,PG
685514.0,6.2,0,0,110000000.0,1.82,R
653345.0,6.8,0,0,34000000.0,2.46,PG-13
329316.0,7.2,0,0,55000000.0,2.42,R
708699.0,5.8,0,0,125000000.0,2.31,PG-13
451149.0,7.9,0,0,178000000.0,2.88,PG-13
254899.0,7.0,0,0,50000000.0,2.7,PG-13
340803.0,8.0,0,0,0.0,3.45,PG-13
816838.0,5.6,0,0,40000000.0,1.79,PG-13
117804.0,5.3,0,0,65000000.0,2.17,PG
603696.0,7.6,0,0,68000000.0,2.45,R
416310.0,5.4,0,0,6500000.0,2.58,R
462852.0,6.0,0,0,40000000.0,2.17,PG-13
520808.0,6.7,0,0,132000000.0,2.56,PG
414464.0,6.5,0,0,17000000.0,0,R
501552.0,6.1,0,0,70000000.0,1.95,PG-13
154476.0,6.0,0,0,100000000.0,2.59,PG-13
114303.0,6.5,0,0,9000000.0,2.72,R
768417.0,6.0,0,0,140000000.0,2.27,PG-13
92300.0,5.8,0,938.0,42000000.0,0,PG
496316.0,8.1,0,0,25000000.0,4.08,R
692317.0,6.0,0,0,50000000.0,2.17,PG
555296.0,6.2,0,0,100000000.0,2.54,PG-13
455109.0,6.3,0,0,70000000.0,1.81,PG-13
111865.0,7.3,0,0,22000000.0,0,PG
110392.0,4.5,0,0,5000000.0,1.53,PG-13
156416.0,6.8,0,0,60000000.0,2.93,PG
232247.0,6.2,0,0,60000000.0,2.19,PG-13
15329.0,6.8,0,0,11000000.0,0,PG-13
124690.0,5.8,0,0,50000000.0,2.23,PG-13
22850.0,6.5,0,0,40000000.0,0.99,PG-13
391424.0,6.5,0,0,66000000.0,1.85,PG-13
194560.0,6.1,0,0,40000000.0,1.97,R
51796.0,7.3,0,0,20000000.0,1.96,R
93529.0,7.7,0,0,18000000.0,4.15,R
205044.0,6.1,0,0,0.0,2.25,PG-13
199162.0,5.1,0,0,40000000.0,2.06,R
89218.0,7.1,0,0,0.0,3.71,R
129274.0,7.7,0,0,15000000.0,3.25,PG-13
220035.0,5.0,0,0,5000000.0,0,R
33804.0,6.6,0,0,0.0,2.81,R
93616.0,6.2,0,0,30000000.0,2.15,R
40510.0,6.5,0,0,5000000.0,2.31,R
89304.0,6.5,0,0,28000000.0,2.36,R
50678.0,7.9,0,0,4000000.0,4.36,R
56101.0,5.5,0,0,100000000.0,1.56,PG-13
56163.0,6.3,0,0,100000000.0,1.88,PG-13
47651.0,6.2,0,0,0.0,0,R
41885.0,5.7,0,0,28000000.0,1.48,PG-13
26805.0,5.1,0,0,65000000.0,1.17,PG-13
44552.0,6.8,0,0,0.0,3.44,R
28773.0,7.4,0,0,0.0,0,R
40427.0,5.8,0,0,0.0,0,PG-13
25311.0,7.0,0,0,0.0,3.39,PG-13
119550.0,6.5,0,0,0.0,2.5,R
19774.0,8.5,0,0,3300000.0,3.49,R
20051.0,7.0,0,0,0.0,3.58,R
113040.0,6.6,0,0,0.0,2.56,PG-13
16703.0,7.0,0,0,20000000.0,3.83,R
9812.0,6.8,0,0,0.0,3.41,R
53478.0,7.8,0,0,0.0,3.67,PG-13
36678.0,7.8,0,0,0.0,3.81,PG
29620.0,6.8,0,0,0.0,3.26,R
37312.0,7.4,0,0,0.0,4.11,PG-13
33108.0,8.1,0,0,0.0,3.63,R
20202.0,6.8,0,0,0.0,3.05,PG-13
11652.0,8.1,0,0,0.0,3.09,N/A
27695.0,7.4,0,0,0.0,3.03,PG-13
33478.0,6.6,0,0,0.0,3.05,R
5210.0,6.7,0,0,0.0,3.13,R
24693.0,7.3,0,0,0.0,3.51,R
25257.0,6.5,0,0,0.0,3.61,R
451.0,5.4,0,0,0.0,0,R
40629.0,7.8,0,0,0.0,3.94,R
17644.0,7.4,0,0,0.0,4.01,PG-13
13134.0,7.1,0,0,0.0,3.83,R
31801.0,7.6,0,0,0.0,4.0,R
11090.0,6.4,0,0,0.0,0,R
23272.0,8.1,1.0,27.0,0.0,3.65,PG
51188.0,7.0,0,0,0.0,3.54,N/A
30818.0,8.0,0,0,0.0,2.88,PG-13
19894.0,7.8,0,0,0.0,3.81,N/A
25650.0,6.4,0,0,0.0,0,N/A
14043.0,6.5,0,0,0.0,0,N/A
266247.0,7.2,0,0,0.0,3.64,N/A
36720.0,6.1,0,0,0.0,3.23,N/A
21060.0,7.4,0,0,0.0,3.68,N/A
7111.0,7.1,0,0,0.0,2.83,N/A
131967.0,6.3,0,0,0.0,2.48,N/A
10403.0,4.6,0,0,0.0,0,N/A
2751512.0,7.5,0,0,130000000.0,3.45,PG-13
1782207.0,7.2,0,0,200000000.0,3.03,PG-13
2475889.0,7.5,0,0,150000000.0,3.6,PG
896702.0,7.4,0,0,76000000.0,3.03,PG
1134513.0,7.1,0,0,225000000.0,2.54,PG-13
954656.0,7.8,0,0,100000000.0,3.94,PG-13
472061.0,7.3,0,0,0.0,3.03,G
4067604.0,7.9,0,0,0.0,3.49,PG-13
1339372.0,5.1,0,0,160000000.0,1.94,PG-13
811662.0,6.3,0,0,215000000.0,2.35,PG
189182.0,7.8,0,0,190000000.0,3.52,PG-13
1162406.0,7.0,0,0,170000000.0,2.65,PG-13
960378.0,7.0,0,0,190000000.0,2.89,PG-13
829993.0,7.2,0,0,135000000.0,2.98,PG
359183.0,6.6,0,0,43000000.0,3.06,R
326995.0,7.0,0,0,37000000.0,0,R
414591.0,7.3,0,0,40000000.0,3.92,R
533243.0,7.3,0,0,105000000.0,2.91,PG-13
194654.0,7.5,0,0,20000000.0,2.97,R
51084.0,5.7,0,0,35000000.0,1.95,R
242535.0,5.4,0,0,80000000.0,0.87,PG-13
827629.0,6.7,0,0,120000000.0,2.35,PG-13
175228.0,6.3,0,0,50000000.0,2.39,PG-13
65506.0,7.5,0,0,40000000.0,2.11,R
352816.0,5.8,0,0,130000000.0,1.81,PG-13
350814.0,6.4,0,0,78000000.0,2.48,PG
120290.0,7.3,0,0,75000000.0,2.77,PG-13
821833.0,8.2,0,0,100000000.0,3.36,R
139777.0,7.2,0,0,30000000.0,2.89,PG-13
1236797.0,5.9,0,0,103000000.0,1.48,R
401824.0,6.7,0,0,100000000.0,2.63,PG
369129.0,7.8,0,0,55000000.0,3.54,PG-13
67167.0,6.5,0,0,15000000.0,2.12,R
519159.0,6.9,0,0,190000000.0,2.85,PG-13
20881.0,6.6,0,0,32000000.0,2.72,R
169420.0,6.5,0,0,70000000.0,1.49,R
708821.0,6.6,0,0,115000000.0,3.43,R
1269215.0,5.7,0,0,50000000.0,1.78,PG
561869.0,6.5,0,0,215000000.0,2.79,PG-13
690204.0,7.0,0,0,120000000.0,2.67,PG-13
174733.0,6.6,0,0,5000000.0,1.98,PG-13
58373.0,7.5,0,0,35000000.0,3.17,PG-13
605134.0,6.5,0,0,135000000.0,2.47,PG
191533.0,6.7,0,0,61000000.0,2.44,R
275491.0,6.4,0,0,150000000.0,2.42,PG-13
134728.0,6.2,0,0,15000000.0,2.44,PG-13
816653.0,5.4,0,0,105000000.0,1.58,PG
195866.0,5.9,0,0,90000000.0,2.2,PG
827582.0,5.3,0,0,92000000.0,1.62,R
230917.0,6.3,0,0,195000000.0,2.39,PG-13
83348.0,5.7,0,0,3000000.0,2.01,R
96737.0,6.6,0,0,28000000.0,2.11,PG-13
151559.0,6.7,0,0,110000000.0,2.2,PG-13
185581.0,8.1,0,0,46000000.0,3.76,R
464523.0,4.9,0,0,130000000.0,1.65,PG-13
440148.0,7.3,0,0,90000000.0,3.02,PG
130229.0,8.1,0,0,20000000.0,4.29,R
221164.0,7.2,0,0,50000000.0,1.17,R
146840.0,6.5,0,0,17000000.0,1.99,R
58090.0,6.7,0,0,84000000.0,1.87,PG-13
28878.0,6.7,0,0,13000000.0,2.73,R
149955.0,6.4,0,0,26000000.0,2.08,R
384702.0,6.7,0,0,60000000.0,2.26,R
45378.0,8.1,0,0,10000000.0,3.6,PG-13
148318.0,6.3,0,0,58000000.0,1.75,PG-13
80792.0,6.4,0,0,38000000.0,1.77,R
198650.0,7.2,0,0,0.0,3.29,R
103423.0,7.6,0,0,12000000.0,4.02,PG-13
56756.0,6.3,0,0,30000000.0,,R
329910.0,5.2,0,0,80000000.0,2.24,PG
67629.0,5.9,0,0,30000000.0,2.31,R
177140.0,4.8,0,0,0.0,1.52,R
100346.0,7.3,0,0,0.0,3.8,PG-13
63165.0,7.1,0,0,0.0,3.29,R
108769.0,3.5,0,0,20000000.0,0.99,PG-13
261483.0,5.9,0,0,60000000.0,2.32,PG-13
98108.0,6.4,0,0,26000000.0,2.11,PG-13
280853.0,4.1,0,0,10000000.0,1.93,PG
175925.0,6.6,0,0,28000000.0,3.12,R
102202.0,8.0,0,0,5000000.0,3.62,R
192579.0,8.1,0,0,38000000.0,3.53,R
167229.0,5.9,0,0,40000000.0,1.68,PG-13
56843.0,8.0,0,0,23000000.0,3.71,R
146839.0,6.7,0,0,0.0,2.24,R
86960.0,6.6,0,0,3000000.0,2.64,R
24890.0,7.4,0,0,0.0,3.26,PG-13
202530.0,7.6,0,0,0.0,2.72,PG-13
120413.0,7.3,0,0,15000000.0,3.64,R
211415.0,6.2,0,0,60000000.0,2.65,PG-13
190502.0,5.6,0,0,30000000.0,1.79,R
46201.0,6.5,0,0,0.0,2.94,R
32072.0,6.8,0,0,0.0,2.94,PG-13
15546.0,7.7,0,0,12000000.0,3.68,R
201279.0,5.3,0,0,25000000.0,2.06,R
82034.0,5.9,0,0,12000000.0,2.48,PG-13
42874.0,7.5,0,0,0.0,4.01,R
114355.0,7.8,0,0,0.0,2.79,R
40810.0,5.3,0,0,5000000.0,3.14,R
41570.0,7.5,0,0,0.0,3.94,R
3339.0,5.0,0,0,20000000.0,1.17,PG-13
82802.0,7.1,0,0,0.0,2.96,PG-13
42366.0,7.9,0,0,0.0,3.54,R
14444.0,5.7,0,0,35000000.0,1.7,PG-13
114018.0,7.2,0,0,5000000.0,3.1,PG
86611.0,5.6,0,0,0.0,3.3,R
31731.0,7.4,0,0,0.0,3.51,R
59341.0,7.8,0,0,0.0,3.94,N/A
14376.0,7.4,0,0,0.0,3.73,R
7712.0,6.9,0,0,20000000.0,2.94,R
15633.0,6.5,0,0,0.0,2.54,R
3596.0,6.3,0,0,0.0,2.0,PG-13
17436.0,7.0,0,0,0.0,3.05,PG-13
82117.0,6.0,0,0,0.0,0,R
11416.0,7.6,0,0,0.0,4.11,PG-13
54684.0,7.2,0,0,0.0,2.67,PG-13
21681.0,5.6,0,0,0.0,0,R
22420.0,7.8,0,0,0.0,4.08,PG-13
9716.0,6.3,0,0,0.0,3.23,PG-13
4899.0,7.5,0,0,0.0,0,PG
38466.0,5.7,0,0,0.0,1.91,R
168910.0,8.3,0,0,0.0,3.93,R
11771.0,6.9,0,0,0.0,3.26,R
31787.0,7.4,0,0,0.0,3.68,R
10772.0,6.4,0,0,0.0,0,PG-13
7602.0,6.9,0,0,0.0,3.61,R
8842.0,7.6,0,0,0.0,3.53,N/A
6090.0,6.9,0,0,0.0,3.27,N/A
4966.0,6.5,0,0,0.0,3.13,N/A
67827.0,5.7,0,0,0.0,2.51,R
19300.0,7.3,0,0,0.0,4.21,N/A
7855.0,7.9,0,0,0.0,0,R
2288528.0,8.1,0,0,220000000.0,0,PG-13
2081565.0,8.4,0,0,250000000.0,0,PG-13
1331296.0,7.2,0,0,78000000.0,0,PG-13
2878058.0,7.8,0,0,200000000.0,0,PG-13
3905089.0,7.9,0,0,0.0,0,PG-13
2312287.0,5.5,0,0,120000000.0,0,PG-13
1163265.0,7.0,0,0,230000000.0,0,PG-13
1507098.0,7.1,0,0,185000000.0,0,PG
697034.0,7.0,0,0,50000000.0,0,R
712277.0,6.9,0,0,145000000.0,0,PG
192097.0,6.4,0,0,70000000.0,0,PG
109640.0,7.7,0,0,165000000.0,0,PG
99206.0,7.4,0,0,65000000.0,3.45,PG-13
470943.0,5.8,0,0,225000000.0,0,PG-13
1169193.0,8.4,0,0,100000000.0,3.74,R
1284411.0,6.6,0,0,95000000.0,0,PG
685150.0,6.1,0,0,170000000.0,0,PG-13
562617.0,7.6,0,0,61000000.0,0,PG-13
618972.0,7.1,0,0,85000000.0,0,PG
410840.0,6.3,0,0,45000000.0,0,PG-13
167560.0,7.2,0,0,42000000.0,0,R
255994.0,7.7,0,0,44500000.0,0,R
1804827.0,7.0,0,0,130000000.0,0,R
324014.0,6.8,0,0,85000000.0,0,R
124655.0,6.8,0,0,30000000.0,0,PG-13
604439.0,7.9,0,0,120000000.0,0,PG
69940.0,6.1,0,0,7000000.0,0,R
416689.0,6.7,0,0,125000000.0,0,PG-13
326245.0,5.8,0,0,79000000.0,0,PG
361441.0,7.3,0,0,145000000.0,0,PG
160532.0,7.4,0,0,40000000.0,3.79,R
207261.0,7.3,0,0,31000000.0,3.1,R
105011.0,6.1,0,0,0.0,0,R
366471.0,6.6,0,0,100000000.0,0,R
418046.0,5.8,0,0,150000000.0,0,PG-13
646148.0,7.0,0,0,60000000.0,2.46,PG-13
599289.0,6.2,0,0,150000000.0,0,PG-13
526701.0,6.6,0,0,250000000.0,0,PG-13
223365.0,7.4,0,0,30000000.0,0,R
527884.0,5.8,0,0,209000000.0,0,PG-13
65478.0,7.2,0,0,17000000.0,2.61,PG-13
51038.0,5.6,0,0,85000000.0,0,PG
150495.0,7.1,0,0,12000000.0,0,PG-13
106213.0,6.3,0,0,0.0,0,PG-13
79897.0,6.4,0,0,70000000.0,0,R
145330.0,6.5,0,0,0.0,0,PG-13
549699.0,6.4,0,0,65000000.0,0,R
237452.0,6.3,0,0,125000000.0,0,PG-13
349558.0,7.2,0,0,18000000.0,0,PG-13
643923.0,6.7,0,0,50000000.0,0,R
101787.0,7.0,0,0,60000000.0,0,PG
319790.0,6.3,0,0,65000000.0,0,PG-13
173515.0,6.7,0,0,0.0,0,R
45734.0,6.4,0,0,0.0,0,PG-13
440183.0,4.6,0,0,5000000.0,0,R
118102.0,4.2,0,0,1000000.0,0,R
78373.0,6.8,0,0,3000000.0,0,R
209179.0,6.5,0,0,45000000.0,0,R
129447.0,7.3,0,0,10000000.0,0,PG-13
75584.0,7.8,0,0,16000000.0,0,PG-13
316537.0,6.5,0,0,0.0,0,PG
372794.0,5.4,0,0,65000000.0,0,R
28575.0,7.0,0,0,0.0,0,R
36329.0,5.7,0,0,40000000.0,0,PG-13
108815.0,8.1,0,0,0.0,0,G
46554.0,7.6,0,0,7000000.0,0,R
90941.0,5.9,0,0,75000000.0,0,PG-13
292647.0,5.9,0,0,69000000.0,0,R
63448.0,7.3,0,0,0.0,0,R
141406.0,5.7,0,0,68000000.0,0,R
41700.0,7.0,0,0,39000000.0,3.77,PG
291896.0,6.7,0,0,55000000.0,0,PG
152216.0,7.5,0,0,0.0,3.08,R
2027.0,6.5,0,0,35000000.0,0,PG-13
45388.0,7.6,0,0,0.0,0,G
64683.0,7.6,0,0,0.0,0,PG-13
50620.0,5.0,0,0,0.0,0,R
142934.0,6.3,0,0,0.0,0,R
37418.0,7.1,0,0,0.0,3.37,R
87667.0,7.1,0,0,50000000.0,0,R
147056.0,6.6,0,0,0.0,3.36,R
105564.0,7.3,0,0,0.0,4.07,PG-13
283775.0,8.5,0,0,0.0,0,R
75247.0,6.8,0,0,0.0,0,PG-13
41472.0,6.6,0,0,0.0,0,R
13108.0,6.6,0,0,0.0,0,R
28026.0,6.2,0,0,0.0,0,R
26241.0,7.9,0,0,8900000.0,0,PG-13
4238.0,5.9,0,0,0.0,2.76,R
104227.0,6.8,0,0,0.0,3.01,PG-13
1004.0,7.1,0,0,0.0,0,PG-13
23193.0,7.5,0,0,0.0,0,R
36266.0,6.7,0,0,0.0,0,R
78196.0,7.6,0,0,0.0,0,R
24593.0,7.4,0,0,0.0,0,PG-13
18130.0,6.6,0,0,0.0,0,R
140331.0,7.6,0,0,0.0,0,R
13183.0,6.2,0,0,0.0,0,PG-13
808.0,5.7,0,0,0.0,0,PG-13
15417.0,5.0,0,0,0.0,0,R
14157.0,6.1,0,0,0.0,0,R
18838.0,7.1,0,0,0.0,0,N/A
24819.0,6.3,0,0,0.0,0,PG-13
66777.0,5.3,0,0,0.0,0,R
15542.0,7.3,0,0,0.0,0,N/A
9606.0,7.3,0,0,0.0,0,N/A
1365475.0,6.2,0,0,0.0,0,R
270189.0,6.5,0,0,0.0,0,N/A
147147.0,5.9,0,0,0.0,0,R
33072.0,6.1,0,0,0.0,0,N/A
31221.0,6.4,0,0,0.0,0,N/A
3425257.0,8.1,0,0,0.0,0,PG-13
1216066.0,6.3,0,0,195000000.0,0,PG-13
2350930.0,6.4,0,0,110000000.0,0,PG-13
1122607.0,6.5,0,0,80000000.0,0,R
3419675.0,6.6,0,0,250000000.0,0,PG-13
960030.0,7.3,0,0,125000000.0,0,PG-13
1050893.0,7.4,0,0,145000000.0,0,PG-13
2006735.0,6.2,0,0,200000000.0,0,G
1145200.0,7.5,0,0,0.0,0,PG-13
623099.0,7.0,0,0,150000000.0,0,PG-13
600908.0,7.6,0,0,93000000.0,0,PG-13
502855.0,6.9,0,0,140000000.0,0,PG-13
131567.0,8.1,0,0,25000000.0,0,PG-13
381072.0,6.8,0,0,32500000.0,0,R
545729.0,7.3,0,0,150000000.0,0,PG
1153161.0,6.7,0,0,130000000.0,0,PG
622813.0,7.8,0,0,160000000.0,0,PG-13
555913.0,6.9,0,0,90000000.0,0,G
1118644.0,5.5,0,0,110000000.0,0,PG
418866.0,4.4,0,0,75000000.0,0,G
522919.0,7.0,0,0,50000000.0,0,PG-13
309628.0,7.2,0,0,135000000.0,0,PG
136641.0,6.9,0,0,35000000.0,0,R
253634.0,5.5,0,0,63000000.0,0,PG
212626.0,5.8,0,0,5000000.0,0,R
218627.0,6.4,0,0,80000000.0,0,PG-13
440929.0,7.8,0,0,90000000.0,3.4,R
242254.0,5.7,0,0,20000000.0,0,R
220676.0,6,0,0,163000000.0,0,PG-13
144787.0,7.0,0,0,0.0,0,G
365227.0,5.8,0,0,120000000.0,0,PG-13
337924.0,7.8,0,0,0.0,0,G
248442.0,7.1,0,0,0.0,0,PG-13
234677.0,7.4,0,0,50000000.0,0,PG-13
129884.0,5.8,0,0,70000000.0,0,PG-13
316836.0,6.0,0,0,75000000.0,0,R
183040.0,7.3,0,0,0.0,0,R
57893.0,5.2,0,0,80000000.0,0,PG
149917.0,7.2,0,0,66000000.0,0,PG-13
97576.0,7.8,0,0,27000000.0,0,PG-13
180014.0,6.2,,,75000000.0,0,PG-13
2288201.0,7.4,,,0.0,0,PG
318336.0,6.6,,,60000000.0,0,PG-13
16790.0,7.6,,,50000000.0,0,PG-13
41770.0,3.4,,,79000000.0,0,PG
185041.0,6.4,,,0.0,0,PG
130817.0,1.6,,,13000000.0,0,G
92601.0,6.2,,,25000000.0,0,R
139001.0,6.0,,,55000000.0,0,PG
249225.0,5.9,,,0.0,0,PG
36408.0,6.9,,,30000000.0,0,PG-13
228984.0,7.1,,,50200000.0,0,PG-13
261858.0,6.9,,,38000000.0,0,PG-13
52061.0,7.3,,,40000000.0,0,R
177713.0,7.7,,,17000000.0,0,PG-13
204881.0,6.6,,,35000000.0,0,R
539792.0,6.1,,,60000000.0,0,PG-13
90767.0,7.5,,,32000000.0,0,PG-13
156244.0,5.7,,,56000000.0,0,PG-13
66269.0,6.8,,,1500000.0,0,PG-13
273430.0,7.1,,,0.0,0,PG
129239.0,7.9,,,15000000.0,0,PG-13
120836.0,5.9,,,40000000.0,0,R
79326.0,7.1,,,0.0,0,R
32768.0,6.8,,,30000000.0,0,PG-13
116330.0,5.9,,,35000000.0,0,PG-13
305730.0,3.5,,,27000000.0,0,PG
265755.0,6.2,,,40000000.0,0,R
130803.0,4.4,,,32000000.0,0,PG-13
147487.0,5.4,,,42000000.0,0,PG-13
366971.0,6.7,,,40000000.0,0,PG-13
69781.0,6.6,,,35000000.0,0,R
80534.0,6.4,,,40000000.0,0,PG-13
249302.0,6.1,,,82000000.0,0,PG-13
75952.0,6.1,,,30000000.0,0,PG-13
134476.0,7.8,,,15000000.0,0,R
31862.0,7.7,,,8000000.0,0,R
122043.0,6.0,,,37000000.0,0,PG-13
32894.0,5.7,,,40000000.0,0,PG-13
26209.0,6.9,,,0.0,0,PG-13
322071.0,6.4,,,0.0,0,PG-13
127312.0,5.7,,,60000000.0,0,PG-13
335002.0,7.2,,,30000000.0,0,G
140210.0,7.1,,,0.0,0,R
539359.0,5.9,,,30000000.0,0,R
259336.0,4.9,,,30000000.0,0,PG-13
134093.0,5.2,,,90000000.0,0,R
18091.0,4.0,,,25000000.0,0,PG-13
67220.0,6.4,,,30000000.0,0,R
102264.0,7.0,,,0.0,0,R
246025.0,7.0,,,15000000.0,0,PG-13
41614.0,6.8,,,32000000.0,0,PG-13
24633.0,6.2,,,45000000.0,0,R
57187.0,7.4,,,0.0,0,PG-13
21159.0,5.8,0,,25000000.0,0,R
28263.0,4.9,0,,24000000.0,0,PG-13
439570.0,6.3,0,,45000000.0,0,PG
25990.0,7.5,0,,0.0,0,PG-13
31155.0,8.3,0,,0.0,0,PG-13
9043.0,7.2,0,,3200000.0,0,R
21208.0,6.5,0,,0.0,0,R
34821.0,7.5,0,,0.0,0,R
2827.0,6.9,0,,30000000.0,0,PG-13
30680.0,7.2,0,,0.0,0,PG-13
81906.0,8.8,0,,0.0,0,NC-17
27218.0,7.7,0,,0.0,0,PG
56701.0,7.6,0,,0.0,0,R
111257.0,7.1,0,,0.0,0,R
16863.0,6.9,0,,0.0,0,R
34144.0,7.3,0,,30000000.0,0,PG-13
41758.0,7.2,0,,0.0,0,R
999.0,3.3,0,,10000000.0,0,R
18498.0,8.2,0,,6800000.0,0,R
22616.0,6.0,0,,0.0,0,N/A
16111.0,7.5,0,,0.0,0,R
39410.0,7.3,0,,0.0,0,N/A
232957.0,7.7,0,,5500000.0,0,R
9466.0,7.1,0,,0.0,0,N/A
30049.0,7.2,0,,0.0,0,N/A
20040.0,7.2,0,,0.0,0,N/A
28879.0,7.3,0,,0.0,0,R
24120.0,6.9,0,,0.0,0,N/A
11501.0,5.8,0,,12000000.0,0,R
15899.0,6.6,0,,0.0,0,N/A
12488.0,7.6,0,,0.0,0,N/A
1553489.0,8.3,0,0,200000000.0,0,G
1400636.0,6.5,0,0,200000000.0,0,PG
527540.0,7.0,0,0,200000000.0,0,PG-13
1164726.0,5.0,0,0,68000000.0,0,PG-13
2839146.0,7.7,0,0,0.0,0,PG-13
1030783.0,8.8,0,0,160000000.0,0,PG-13
530655.0,7.7,0,0,69000000.0,0,PG
352906.0,6.3,0,0,165000000.0,0,PG
578187.0,8.1,0,0,165000000.0,0,PG
1828543.0,7.8,0,0,260000000.0,0,PG
339716.0,7.2,0,0,40000000.0,0,PG
544951.0,6.8,0,0,170000000.0,0,PG
325706.0,7.6,0,0,38000000.0,0,PG-13
517249.0,5.8,0,0,125000000.0,0,PG-13
245176.0,6.0,0,0,80000000.0,0,PG-13
373155.0,5.5,0,0,100000000.0,0,PG-13
236940.0,7.3,0,0,130000000.0,0,PG
395820.0,8.0,0,0,15000000.0,0,R
548301.0,4.2,0,0,150000000.0,0,PG
459203.0,8.1,0,0,80000000.0,0,R
239983.0,6.7,0,0,100000000.0,0,PG-13
255389.0,6.4,0,0,110000000.0,0,PG-13
4668.0,7.0,0,0,20000000.0,0,R
37736.0,5.7,0,0,52000000.0,0,PG-13
396048.0,8.0,0,0,13000000.0,0,R
852841.0,6.7,0,0,200000000.0,0,PG-13
1174539.0,6.3,0,0,155000000.0,0,PG
220680.0,6.5,0,0,80000000.0,0,R
422217.0,6.6,0,0,65000000.0,0,R
374083.0,4.6,0,0,80000000.0,0,PG
399104.0,7.7,0,0,40000000.0,0,PG-13
1155874.0,4.4,0,0,100000000.0,0,R
126540.0,7.8,0,0,25000000.0,0,R
151911.0,7.6,0,0,37000000.0,0,R
435143.0,6.6,0,0,200000000.0,0,PG-13
76585.0,7.1,0,0,58000000.0,0,PG-13
255909.0,6.8,0,0,95000000.0,0,PG
144900.0,5.7,0,0,3000000.0,0,R
149091.0,6.8,0,0,100000000.0,0,PG-13
203032.0,5.7,0,0,60000000.0,0,PG-13
31671.0,6.3,0,0,25000000.0,0,PG-13
234218.0,7.6,0,0,110000000.0,0,PG-13
365390.0,6.3,0,0,117000000.0,0,PG-13
11535.0,5.9,0,0,69000000.0,0,PG-13
437062.0,6.0,0,0,100000000.0,0,PG-13
123168.0,5.5,0,0,40000000.0,0,PG-13
318349.0,6.1,0,0,150000000.0,0,PG
113222.0,5.2,0,0,35000000.0,0,R
290800.0,5.8,0,0,150000000.0,0,R
6287.0,6.4,0,0,40000000.0,0,R
649300.0,5.9,0,0,60000000.0,0,R
39404.0,7.1,0,0,8000000.0,0,PG-13
197450.0,7.0,0,0,80000000.0,0,PG
18130.0,6.6,0,0,30000000.0,0,PG
531944.0,6.2,0,0,70000000.0,0,PG-13
289244.0,6.4,0,0,40000000.0,0,R
159251.0,7.6,0,0,30000000.0,0,R
69967.0,5.4,0,0,75000000.0,0,PG-13
761883.0,5.6,0,0,20000000.0,0,R
167620.0,5.9,0,0,85000000.0,0,PG
113087.0,6.6,0,0,80000000.0,0,R
381370.0,4.9,0,0,112000000.0,0,PG
150856.0,6.4,0,0,55000000.0,0,PG-13
162328.0,3.4,0,0,20000000.0,0,PG-13
114634.0,6.3,0,0,20000000.0,0,R
171836.0,6.8,0,0,100000000.0,0,R
143710.0,4.2,0,0,50000000.0,0,PG
93767.0,6.2,0,0,0.0,0,PG-13
28329.0,6.5,0,0,50000000.0,0,PG-13
287179.0,6.7,0,0,30000000.0,0,R
10594.0,6.4,0,0,20000000.0,0,R
42231.0,7.5,0,0,60000000.0,0,PG-13
28306.0,6.5,0,0,40000000.0,0,PG-13
55299.0,6.5,0,0,20000000.0,0,R
34273.0,6.1,0,0,35000000.0,0,PG
27318.0,5.8,0,0,19000000.0,0,PG-13
17613.0,6.6,0,0,10500000.0,0,R
77361.0,5.5,0,0,24000000.0,0,R
28530.0,6.5,0,0,52000000.0,0,R
131476.0,7.4,0,0,30000000.0,0,PG-13
59461.0,7.0,0,0,4000000.0,0,R
78624.0,7.8,0,0,80000000.0,0,G
120783.0,8.5,0,0,16000000.0,0,PG-13
155500.0,7.6,0,0,18000000.0,0,R
31742.0,6.3,0,0,32000000.0,0,R
13268.0,3.8,0,0,35000000.0,0,PG
85463.0,7.2,0,0,45000000.0,0,PG-13
21885.0,6.5,0,0,18000000.0,0,R
1994515.0,7.8,0,0,13000000.0,0,R
33019.0,6.8,0,0,22000000.0,0,PG-13
2304468.0,7.2,0,0,0.0,0,R
7659.0,7.0,0,0,18000000.0,0,R
119802.0,7.2,0,0,2000000.0,0,R
1450023.0,7.3,0,0,0.0,0,R
17655.0,7.0,0,0,0.0,0,R
12551.0,7.4,0,0,0.0,0,PG
3183.0,8.3,0,0,2000000.0,0,PG-13
17408.0,6.1,0,0,0.0,0,R
109151.0,6.3,0,0,22000000.0,0,R
33851.0,7.3,0,0,8000000.0,0,PG-13
24107.0,7.9,0,0,13000000.0,0,R
141847.0,6.6,0,0,13000000.0,0,R
67317.0,6.3,0,0,7000000.0,0,R
11717.0,6.4,0,0,0.0,0,R
27732.0,6.5,0,0,10000000.0,0,R
16583.0,7.2,0,0,0.0,0,R
14661.0,7.2,0,0,42000000.0,0,R
14423.0,7.2,0,0,7000000.0,0,R
105543.0,7.0,0,0,0.0,0,R
12200.0,7.0,0,0,0.0,0,N/A
8980.0,6.9,0,0,0.0,0,N/A
57916.0,7.3,0,0,3000000.0,0,N/A
8269.0,6.4,0,0,4500000.0,0,R
4619.0,7.7,0,0,0.0,0,R
27429.0,5.9,0,0,0.0,0,N/A
22196.0,7.2,0,0,0.0,0,N/A
5874.0,6.5,0,0,0.0,0,PG-13
13108.0,6.5,0,0,0.0,3.52,N/A
42925.0,7.2,0,0,0.0,0,N/A
